{
  "easingCurveWindowCollapsed" : false,
  "lastselectedPageIndex" : 0,
  "loopPlayBack" : true,
  "playbackSpeed" : 1,
  "playbackTime" : 0,
  "relativeMode" : false,
  "sceneOffset" : [
    651.63246268656724,
    -84.619402985074629
  ],
  "sceneScale" : 0.40179910044977513,
  "timelineLength" : 114.97621493223738
}